420741555,SHERYLL,BLACKMORE,8091 DUDEK ST,BEARDSLEY,56211
354642886,AMBERLY,HUSTED,621 JOUBERT ST,HENNING,56551
420741555,SHERYLL,BLACKMORE,8091 DUDEK ST,BEARDSLEY,56211
420741555,SHERYLL,BLACKMORE,8091 DUDEK ST,BEARDSLEY,56211
354642886,AMBERLY,HUSTED,621 JOUBERT ST,HENNING,56551
949308840,LETISHA,DUNKLE,3120 FASSETT RD,MOORHEAD STATE UNIVE,56563
108468358,JEANMARIE,HURDLE,3167 BIBB ST,DEXTER,55926
12713045,YULANDA,MARROW,8211 PENDLEY BLVD,SOUDAN,55782
309969937,TWANNA,HURDLE,3306 SAARI ST,CORMORANT,56572
